"id","straße","iphash","timestamp"
173,"Gohliser Straße","bf77f4e166b5d281718c2aabe3c4a27b6769c8a88ec93221681fc3d01d469dcb","2026-08-21 15:37:49.498997"
172,"Philipp-Rosenthal-Straße","f9b14fcaada4415751037b9662237787aa1810358c7d910ebb5a0b7a50307e12","2026-08-20 10:54:59.062047"
171,"Dresdner Straße","7c0bfe40e3eb08d7b239c7862b305f88db472c712b7d14c4365e981bd2375fe2","2026-08-13 10:53:19.421047"
170,"Täubchenweg","13827786e73103730d06bc50d57db83d8858cd42afa6f12a9f2c53c03911823f","2026-08-13 10:39:02.303435"
169,"Stammstraße","bf77f4e166b5d281718c2aabe3c4a27b6769c8a88ec93221681fc3d01d469dcb","2026-08-12 06:12:45.014253"
168,"Pfaffendorfer Straße","bf77f4e166b5d281718c2aabe3c4a27b6769c8a88ec93221681fc3d01d469dcb","2026-08-11 17:10:30.929878"
167,"Reginenstraße","bf77f4e166b5d281718c2aabe3c4a27b6769c8a88ec93221681fc3d01d469dcb","2026-08-10 17:29:12.928487"
166,"Reginenstraße","bf77f4e166b5d281718c2aabe3c4a27b6769c8a88ec93221681fc3d01d469dcb","2026-08-10 17:28:43.827353"
165,"Richard-Lehmann-Straße","9e886b29a5911a55fe908f9532929fce58a49bc93da33996e72031ce497abfad","2026-08-10 11:30:40.084771"
164,"Schenkendorfstraße","d5976326602a3ea329ed16e1fc605ec5d3017ef59501ad0f1ffc9a1a0ae33113","2026-08-09 19:28:10.472131"
163,"Elsastraße","d5976326602a3ea329ed16e1fc605ec5d3017ef59501ad0f1ffc9a1a0ae33113","2026-08-09 14:18:05.352885"
162,"Karl-Liebknecht-Straße","ae5387f5fdb5e7100370d924a1dbf6d45ee645cd9beb7973b685b333e6044e78","2026-08-06 11:10:48.112382"
161,"Erdmannstraße","d5976326602a3ea329ed16e1fc605ec5d3017ef59501ad0f1ffc9a1a0ae33113","2026-08-06 10:01:29.733941"
160,"Ludwigstraße","13827786e73103730d06bc50d57db83d8858cd42afa6f12a9f2c53c03911823f","2026-08-06 07:43:15.437485"
159,"Arno-Nitzsche-Straße","bf77f4e166b5d281718c2aabe3c4a27b6769c8a88ec93221681fc3d01d469dcb","2026-08-04 16:12:27.09576"
158,"Dietzgenstraße","d5976326602a3ea329ed16e1fc605ec5d3017ef59501ad0f1ffc9a1a0ae33113","2026-08-04 09:32:23.624753"
157,"Arthur-Hoffmann-Straße","746c4c6e8a166d7c2f62d7f4ce8d866f7373bdd8f7a879488b050f0998243623","2026-08-03 17:47:54.890043"
156,"Karl-Liebknecht-Straße","d5976326602a3ea329ed16e1fc605ec5d3017ef59501ad0f1ffc9a1a0ae33113","2026-08-03 12:23:01.348525"
155,"Tarostraße","d5976326602a3ea329ed16e1fc605ec5d3017ef59501ad0f1ffc9a1a0ae33113","2026-08-02 22:13:05.791985"
154,"Holzhäuser Straße","a5172ab8bc81e0bfada1abdd7f57c8aea0b8c56c28fea5e7e1c17ea91e64ee27","2026-08-02 20:14:34.02526"
153,"Willi-Bredel-Straße","286648181f8effb2abd5938a61a94db3c02a74454f977b2876c9e7ca71a4e1de","2026-08-02 18:18:38.56353"
152,"Hinrichsenstraße","1588f6e0c4ec38458456e85b34187cca56b5da688323055c29ab6c790bf260d1","2026-08-01 22:08:50.919277"
151,"Einertstraße","bf77f4e166b5d281718c2aabe3c4a27b6769c8a88ec93221681fc3d01d469dcb","2026-08-01 18:40:38.520708"
150,"Schulze-Delitzsch-Straße","17169e17f195ae57ba3566dba45cbbbcafe79e00d678866c6e503f01be452fa9","2026-08-01 17:04:30.780238"
149,"Zweinaundorfer Straße","c347f77aea99309e8fe5d607f7b5d30362c25d9bfeb048c52fd849529e5c8215","2026-08-01 16:29:34.010947"
148,"Großmannstraße","d5976326602a3ea329ed16e1fc605ec5d3017ef59501ad0f1ffc9a1a0ae33113","2026-08-01 14:34:31.796732"
147,"Berliner Straße","acbfe639ff926d90c50423044a8f39af4ce6630da1b4cbb372b4604cdaa48ff3","2026-08-01 10:39:03.311714"
146,"Rosa-Luxemburg-Straße","7c0bfe40e3eb08d7b239c7862b305f88db472c712b7d14c4365e981bd2375fe2","2026-08-01 09:50:28.016814"
145,"Bennigsenstraße","b1d42cf261fddb3820b02b8ae271610c2290480fb80658fd930ecf002decb405","2026-08-01 09:25:00.140925"
144,"Kamillenweg","3dd718574f81cfa8e0dbb01b9745e218fdc1c6d54023ce5a5f58b86c5f4a79b1","2026-08-01 08:52:44.493292"
143,"Bornaische Straße","3dd718574f81cfa8e0dbb01b9745e218fdc1c6d54023ce5a5f58b86c5f4a79b1","2026-08-01 07:38:51.99443"
142,"Paul-Heyse-Straße","1588f6e0c4ec38458456e85b34187cca56b5da688323055c29ab6c790bf260d1","2026-08-01 06:25:04.846556"
141,"Cranachstraße","13827786e73103730d06bc50d57db83d8858cd42afa6f12a9f2c53c03911823f","2026-08-01 05:10:52.112636"
140,"Mannheimer Straße","17169e17f195ae57ba3566dba45cbbbcafe79e00d678866c6e503f01be452fa9","2026-07-31 23:52:11.963044"
139,"Eisenbahnstraße","bf77f4e166b5d281718c2aabe3c4a27b6769c8a88ec93221681fc3d01d469dcb","2026-07-31 23:11:36.420132"
138,"Blumenstraße","e1ddae0071f9fbf6dd62d79f34a5613cbff7c8ee5f214bc2e66515ca5731bf60","2026-07-31 22:44:56.85593"
137,"Ranstädter Steinweg","1588f6e0c4ec38458456e85b34187cca56b5da688323055c29ab6c790bf260d1","2026-07-31 22:41:49.674637"
136,"Zadestraße","bf77f4e166b5d281718c2aabe3c4a27b6769c8a88ec93221681fc3d01d469dcb","2026-07-31 18:04:50.737629"
135,"Josephstraße","ae5387f5fdb5e7100370d924a1dbf6d45ee645cd9beb7973b685b333e6044e78","2026-07-31 17:51:21.952776"
134,"Kamelienweg","7b01eac1dc8d86f4dbfa5f7130b0d538449eeba65d92e2cdde60b6236f61977d","2026-07-31 16:28:13.051259"
133,"Emilienstraße","13827786e73103730d06bc50d57db83d8858cd42afa6f12a9f2c53c03911823f","2026-07-31 10:42:25.883683"
132,"Braunschweiger Straße","13827786e73103730d06bc50d57db83d8858cd42afa6f12a9f2c53c03911823f","2026-07-31 08:10:09.233178"
131,"Rödelstraße","b1d42cf261fddb3820b02b8ae271610c2290480fb80658fd930ecf002decb405","2026-07-31 06:29:51.237593"
130,"Wiebelstraße","d5976326602a3ea329ed16e1fc605ec5d3017ef59501ad0f1ffc9a1a0ae33113","2026-07-30 21:08:41.801745"
129,"Haferkornstraße","d5976326602a3ea329ed16e1fc605ec5d3017ef59501ad0f1ffc9a1a0ae33113","2026-07-30 16:51:33.164994"
128,"Hafentor","d5976326602a3ea329ed16e1fc605ec5d3017ef59501ad0f1ffc9a1a0ae33113","2026-07-30 16:50:27.568256"
127,"Kamenzer Straße","d5976326602a3ea329ed16e1fc605ec5d3017ef59501ad0f1ffc9a1a0ae33113","2026-07-30 16:49:57.604086"
126,"Oststraße","0b594e30582b08cb0f3be09c00a0ff5ab0fdb0e741c2f4d16a0eb5cc417ff59c","2026-07-29 20:03:14.22315"
125,"Natonekstraße","bf77f4e166b5d281718c2aabe3c4a27b6769c8a88ec93221681fc3d01d469dcb","2026-07-29 19:58:21.173735"
124,"Neustädter Straße","bf77f4e166b5d281718c2aabe3c4a27b6769c8a88ec93221681fc3d01d469dcb","2026-07-29 18:49:18.149514"
123,"Mariannenstraße","561c499a4e8da05aaa263bc450142064d537edfb4e631808ca5c9fa8e8d13985","2026-07-29 18:06:04.309125"
122,"Weidmannstraße","7c0bfe40e3eb08d7b239c7862b305f88db472c712b7d14c4365e981bd2375fe2","2026-07-29 16:00:14.659664"
121,"Bernhard-Göring-Straße","a5172ab8bc81e0bfada1abdd7f57c8aea0b8c56c28fea5e7e1c17ea91e64ee27","2026-07-29 13:03:35.239665"
120,"Fritz-Siemon-Straße","d5976326602a3ea329ed16e1fc605ec5d3017ef59501ad0f1ffc9a1a0ae33113","2026-07-29 12:23:49.093647"
119,"Pfeilstraße","bf77f4e166b5d281718c2aabe3c4a27b6769c8a88ec93221681fc3d01d469dcb","2026-07-29 12:22:59.82936"
118,"Dresdner Straße","d5976326602a3ea329ed16e1fc605ec5d3017ef59501ad0f1ffc9a1a0ae33113","2026-07-29 12:16:44.304801"
117,"Blümnerstraße","bf77f4e166b5d281718c2aabe3c4a27b6769c8a88ec93221681fc3d01d469dcb","2026-07-29 10:56:49.558247"
116,"Industriestraße","1588f6e0c4ec38458456e85b34187cca56b5da688323055c29ab6c790bf260d1","2026-07-29 09:09:10.904116"
115,"Industriestraße","1588f6e0c4ec38458456e85b34187cca56b5da688323055c29ab6c790bf260d1","2026-07-29 09:08:39.348124"
114,"Georg-Schumann-Straße","0f1dc8e9c6589719b15f214f59cbca32c5ae26f06b82e0b48c24c65860273c5c","2026-07-29 08:49:00.758289"
113,"Kantstraße","7b01eac1dc8d86f4dbfa5f7130b0d538449eeba65d92e2cdde60b6236f61977d","2026-07-29 08:45:36.204566"
112,"Lützner Straße","3dd718574f81cfa8e0dbb01b9745e218fdc1c6d54023ce5a5f58b86c5f4a79b1","2026-07-29 08:37:13.349882"
111,"Karl-Liebknecht-Straße","7241a1b1ade9a60eeb74d0911cc80d477be6fcfb57a36990562d513d29ac888f","2026-07-29 08:22:53.604889"
110,"Eilenburger Straße","7b01eac1dc8d86f4dbfa5f7130b0d538449eeba65d92e2cdde60b6236f61977d","2026-07-29 08:17:52.736725"
109,"Härtelstraße","286648181f8effb2abd5938a61a94db3c02a74454f977b2876c9e7ca71a4e1de","2026-07-29 08:15:39.747185"
108,"Frommannstraße","d5976326602a3ea329ed16e1fc605ec5d3017ef59501ad0f1ffc9a1a0ae33113","2026-07-29 07:10:35.181096"
107,"Frommannstraße","d5976326602a3ea329ed16e1fc605ec5d3017ef59501ad0f1ffc9a1a0ae33113","2026-07-29 07:10:17.94673"
106,"Mariannenstraße","d5976326602a3ea329ed16e1fc605ec5d3017ef59501ad0f1ffc9a1a0ae33113","2026-07-29 07:05:56.641405"
105,"Wurzner Straße","bf77f4e166b5d281718c2aabe3c4a27b6769c8a88ec93221681fc3d01d469dcb","2026-07-29 06:52:30.465894"
104,"Sigismundstraße","bf77f4e166b5d281718c2aabe3c4a27b6769c8a88ec93221681fc3d01d469dcb","2026-07-29 06:51:41.518504"
103,"Senefelderstraße","72ddaa94cec479bf46ddd8741057a95bb122b7568b449f21c81d4168b6ff98e5","2026-07-29 05:16:25.411447"
102,"Am Schwalbennest","d5976326602a3ea329ed16e1fc605ec5d3017ef59501ad0f1ffc9a1a0ae33113","2026-07-29 02:50:28.228519"
101,"Macherner Straße","bf77f4e166b5d281718c2aabe3c4a27b6769c8a88ec93221681fc3d01d469dcb","2026-07-29 00:07:12.392855"
100,"Könneritzstraße","d5976326602a3ea329ed16e1fc605ec5d3017ef59501ad0f1ffc9a1a0ae33113","2026-07-28 21:39:44.080526"
99,"Körnerstraße","d5976326602a3ea329ed16e1fc605ec5d3017ef59501ad0f1ffc9a1a0ae33113","2026-07-28 21:10:59.77443"
98,"Gießerstraße","7c0bfe40e3eb08d7b239c7862b305f88db472c712b7d14c4365e981bd2375fe2","2026-07-28 19:30:44.714253"
97,"Mannheimer Straße","afaae98203ed479d4df16e78efc7b22b6515bf259fc1e8e54061a61191b83a00","2026-07-28 18:57:16.642318"
96,"Schenkendorfstraße","bf77f4e166b5d281718c2aabe3c4a27b6769c8a88ec93221681fc3d01d469dcb","2026-07-28 18:21:58.400952"
95,"Arndtstraße","bf77f4e166b5d281718c2aabe3c4a27b6769c8a88ec93221681fc3d01d469dcb","2026-07-28 18:18:32.056644"
94,"Lauchstädter Straße","ae5387f5fdb5e7100370d924a1dbf6d45ee645cd9beb7973b685b333e6044e78","2026-07-28 18:16:06.278639"
93,"Mariannenstraße","628c19d196f9f9b190488631e9b6ae343e16133eb027c83e633df0611d4a345d","2026-07-28 17:50:05.138391"
92,"Littstraße","561c499a4e8da05aaa263bc450142064d537edfb4e631808ca5c9fa8e8d13985","2026-07-28 17:17:25.488644"
91,"Alfred-Kästner-Straße","acbfe639ff926d90c50423044a8f39af4ce6630da1b4cbb372b4604cdaa48ff3","2026-07-28 17:12:44.594356"
90,"Mühlstraße","a4f772e7d9393a57f26c4a0b83bd736a4b51e359286ed0d7147f5f0476ac8e25","2026-07-28 17:04:17.254817"
89,"Braustraße","54e25e827d18d9776f7209e568ea5adc410ce2e7b83417f5961fa85d65789ac6","2026-07-28 16:52:11.088313"
88,"Hallesche Straße","2739c28927ea64558e756b82b57d637efd6105cbd7c91b6b5468f00eb267755c","2026-07-28 16:46:43.791326"
87,"Chopinstraße","286648181f8effb2abd5938a61a94db3c02a74454f977b2876c9e7ca71a4e1de","2026-07-28 16:26:02.862533"
86,"Zschochersche Straße","d5976326602a3ea329ed16e1fc605ec5d3017ef59501ad0f1ffc9a1a0ae33113","2026-07-28 16:24:43.043199"
85,"Schützenhausstraße","3dd718574f81cfa8e0dbb01b9745e218fdc1c6d54023ce5a5f58b86c5f4a79b1","2026-07-28 16:21:04.990281"
84,"Brockhausstraße","f81f5bdbd633b1ebb2305cf2e6356dff4e4c324f4a853852955d92c5c83585c0","2026-07-28 16:11:54.242563"
83,"Gerberstraße","bf77f4e166b5d281718c2aabe3c4a27b6769c8a88ec93221681fc3d01d469dcb","2026-07-28 15:50:59.867714"
82,"Gerberstraße","bf77f4e166b5d281718c2aabe3c4a27b6769c8a88ec93221681fc3d01d469dcb","2026-07-28 15:49:25.217779"
81,"Zschampertaue","e1b93577408f88349740e14cb737f2aa18f1a2ff9c803875c18a48665a9db666","2026-07-28 15:48:00.417899"
80,"Eisenschmidtplatz","268b633e32790339a6cf7b9777cd31aa142233362bcffb3615f29261c19b1ee7","2026-07-28 15:45:47.645565"
79,"Breite Straße","7c0bfe40e3eb08d7b239c7862b305f88db472c712b7d14c4365e981bd2375fe2","2026-07-28 15:35:35.760876"
78,"Hammerstraße","d5976326602a3ea329ed16e1fc605ec5d3017ef59501ad0f1ffc9a1a0ae33113","2026-07-28 15:33:56.42073"
77,"Ernst-Schneller-Straße","13827786e73103730d06bc50d57db83d8858cd42afa6f12a9f2c53c03911823f","2026-07-28 15:32:50.990279"
76,"Mothesstraße","79c812de0d2057bc0f5bc0783dc30895f3146fda038f92b5d15b8af814d4fa3e","2026-07-28 15:30:58.151085"
75,"Salomonstraße","d5976326602a3ea329ed16e1fc605ec5d3017ef59501ad0f1ffc9a1a0ae33113","2026-07-28 15:29:03.30289"
74,"Kurt-Eisner-Straße","17169e17f195ae57ba3566dba45cbbbcafe79e00d678866c6e503f01be452fa9","2026-07-28 15:15:47.95855"
73,"Kurt-Eisner-Straße","17169e17f195ae57ba3566dba45cbbbcafe79e00d678866c6e503f01be452fa9","2026-07-28 15:15:23.527916"
72,"Angerstraße","0b594e30582b08cb0f3be09c00a0ff5ab0fdb0e741c2f4d16a0eb5cc417ff59c","2026-07-28 15:07:13.942953"
71,"Holzhäuser Straße","a5172ab8bc81e0bfada1abdd7f57c8aea0b8c56c28fea5e7e1c17ea91e64ee27","2026-07-28 14:57:18.063333"
70,"Härtelstraße","7b01eac1dc8d86f4dbfa5f7130b0d538449eeba65d92e2cdde60b6236f61977d","2026-07-28 14:54:47.835154"
69,"Perthesstraße","72ddaa94cec479bf46ddd8741057a95bb122b7568b449f21c81d4168b6ff98e5","2026-07-28 14:54:08.781937"
68,"Tarostraße","7b01eac1dc8d86f4dbfa5f7130b0d538449eeba65d92e2cdde60b6236f61977d","2026-07-28 14:39:44.4178"
67,"Gothaer Straße","3dd718574f81cfa8e0dbb01b9745e218fdc1c6d54023ce5a5f58b86c5f4a79b1","2026-07-28 14:32:45.251599"
66,"Bernhardstraße","d5976326602a3ea329ed16e1fc605ec5d3017ef59501ad0f1ffc9a1a0ae33113","2026-07-28 14:26:53.53758"
65,"Burgstraße","bf77f4e166b5d281718c2aabe3c4a27b6769c8a88ec93221681fc3d01d469dcb","2026-07-28 14:24:23.756878"
64,"Burgstraße","bf77f4e166b5d281718c2aabe3c4a27b6769c8a88ec93221681fc3d01d469dcb","2026-07-28 14:24:00.164537"
63,"Hauptstraße","ed06f46af160a3e95e68779f745cd722f42f8053267ecd30f3cdf39337f55580","2026-07-28 14:23:03.820862"
62,"Landsberger Straße","7b01eac1dc8d86f4dbfa5f7130b0d538449eeba65d92e2cdde60b6236f61977d","2026-07-28 14:22:01.782365"
61,"Idastraße","1588f6e0c4ec38458456e85b34187cca56b5da688323055c29ab6c790bf260d1","2026-07-28 14:19:03.039046"
60,"Hohe Straße","d5976326602a3ea329ed16e1fc605ec5d3017ef59501ad0f1ffc9a1a0ae33113","2026-07-28 14:15:08.598543"
59,"Gottschedstraße","5e4eb6c9a2c56ee29d2d9e0e2e425c9108e08c4db145b9a067fb11c23290efbb","2026-07-28 14:14:17.194298"
58,"Robert-Koch-Platz","3a272ee5f1df76e5f5dfc87ba38f52ef1fa66f66d3d6c7a5df11a9734596c4b7","2026-07-28 14:04:14.634784"
57,"Ringstraße","de5d39b74e1b9294524b81f5216b4b9e0f54d55ac03494edf85e2b6be593c165","2026-07-28 14:02:37.010421"
56,"Hermann-Liebmann-Straße","d5976326602a3ea329ed16e1fc605ec5d3017ef59501ad0f1ffc9a1a0ae33113","2026-07-28 14:01:35.694483"
55,"Wachsmuthstraße","bf77f4e166b5d281718c2aabe3c4a27b6769c8a88ec93221681fc3d01d469dcb","2026-07-28 14:01:08.591024"
54,"Oststraße","bf77f4e166b5d281718c2aabe3c4a27b6769c8a88ec93221681fc3d01d469dcb","2026-07-28 13:59:42.087546"
53,"Landsberger Straße","51646a5e08e03c8aca3794aac892232dfc339a8c0f3d294c95925dc0a50e576a","2026-07-28 13:59:35.156747"
52,"Schützenstraße","d5976326602a3ea329ed16e1fc605ec5d3017ef59501ad0f1ffc9a1a0ae33113","2026-07-28 13:53:37.66198"
51,"Aachener Straße","e1ddae0071f9fbf6dd62d79f34a5613cbff7c8ee5f214bc2e66515ca5731bf60","2026-07-28 13:53:18.581114"
50,"Mierendorffstraße","286648181f8effb2abd5938a61a94db3c02a74454f977b2876c9e7ca71a4e1de","2026-07-28 13:52:34.670064"
49,"Aachener Straße","e1ddae0071f9fbf6dd62d79f34a5613cbff7c8ee5f214bc2e66515ca5731bf60","2026-07-28 13:52:09.721401"
48,"Straße des 18. Oktober","c347f77aea99309e8fe5d607f7b5d30362c25d9bfeb048c52fd849529e5c8215","2026-07-28 13:50:07.362534"
47,"Aachener Straße","e1ddae0071f9fbf6dd62d79f34a5613cbff7c8ee5f214bc2e66515ca5731bf60","2026-07-28 13:49:59.301352"
46,"Meißner Straße","bf77f4e166b5d281718c2aabe3c4a27b6769c8a88ec93221681fc3d01d469dcb","2026-07-28 13:49:53.424952"
45,"Meißner Straße","bf77f4e166b5d281718c2aabe3c4a27b6769c8a88ec93221681fc3d01d469dcb","2026-07-28 13:49:52.789886"
44,"Meißner Straße","bf77f4e166b5d281718c2aabe3c4a27b6769c8a88ec93221681fc3d01d469dcb","2026-07-28 13:49:50.946888"
43,"Meißner Straße","bf77f4e166b5d281718c2aabe3c4a27b6769c8a88ec93221681fc3d01d469dcb","2026-07-28 13:49:49.979325"
42,"Aachener Straße","e1ddae0071f9fbf6dd62d79f34a5613cbff7c8ee5f214bc2e66515ca5731bf60","2026-07-28 13:49:38.480844"
41,"Aachener Straße","e1ddae0071f9fbf6dd62d79f34a5613cbff7c8ee5f214bc2e66515ca5731bf60","2026-07-28 13:48:46.061137"
40,"Aachener Straße","e1ddae0071f9fbf6dd62d79f34a5613cbff7c8ee5f214bc2e66515ca5731bf60","2026-07-28 13:48:36.88092"
39,"Rabenerstraße","58d8c7e388fb382c9b0d0ac252789865acbd7e3deafc7524ff8d10189084e4ec","2026-07-28 13:46:32.423431"
38,"Emil-Schubert-Straße","afaae98203ed479d4df16e78efc7b22b6515bf259fc1e8e54061a61191b83a00","2026-07-28 13:45:27.430503"
37,"Arno-Nitzsche-Straße","a5172ab8bc81e0bfada1abdd7f57c8aea0b8c56c28fea5e7e1c17ea91e64ee27","2026-07-28 13:45:25.054655"
36,"Meißner Straße","e1ddae0071f9fbf6dd62d79f34a5613cbff7c8ee5f214bc2e66515ca5731bf60","2026-07-28 13:42:55.602558"
35,"Prager Straße","c1b39d29f6aa0e93a111cb565ba564db952dc781711c31fd0ce5b9dc880a043a","2026-07-28 13:42:46.241118"
34,"Leplaystraße","c347f77aea99309e8fe5d607f7b5d30362c25d9bfeb048c52fd849529e5c8215","2026-07-28 13:42:23.638991"
33,"Richard-Lehmann-Straße","ed06f46af160a3e95e68779f745cd722f42f8053267ecd30f3cdf39337f55580","2026-07-28 13:42:09.869804"
32,"Martinstraße","79c812de0d2057bc0f5bc0783dc30895f3146fda038f92b5d15b8af814d4fa3e","2026-07-28 12:48:56.873963"
